"categoria","precio_promedio"
"Accesorios",259.991284046693
"Electrónica",244.027054263566
"Hogar",257.203726235741
"Juguetes",253.367972972973
